{"_timestamp":1.7326410734716327e+09,"_wandb":{"runtime":401},"log_rmse":0.3858665613834392,"loss":5.911982267614333,"Validation_rmse":2.663431406021118,"_step":2,"rmse":2.4314568200184707,"log_test_rmse":0.4254415035247803,"test_loss":7.093866348266602,"_runtime":395.728320401}