{"log_test_rmse":0.9206590056419373,"_wandb":{"runtime":131},"_timestamp":1.731021110948749e+09,"_step":0,"test_loss":69.39338684082031,"loss":332.2920369640473,"test_rmse":8.330268859863281,"log_rmse":1.2607599669920333,"_runtime":130.200494696,"rmse":18.22887920208062}