{"_wandb":{"runtime":174},"_step":0,"log_rmse":1.139579065250249,"loss":190.17706055410446,"test_loss":19.08523941040039,"_timestamp":1.73255742571048e+09,"Validation_rmse":4.36866569519043,"_runtime":133.132405326,"rmse":13.79046991781297,"log_test_rmse":0.6403487920761108}